"Player","Team","Pos","GP","W%","CTR%","K","D","A","KDA","KP","KS%","DTH%","FB%","GD10","XPD10","CSD10","CSPM","CS%P15","DPM","DMG%","D%P15","EGPM","GOLD%","STL","WPM","CWPM","WCPM"
,"KAOS e-sport","ADC",3,"67%",,21,11,21,3.8,"66.7%","33.3%","18.0%","0%",168,-38,14,8,"29.7%",889,"28.9%","30.3%",322,"27.0%",0,0.36,0.07,0.24
,"Lucent Esports","ADC",6,"0%",,30,32,17,1.5,"69.1%","44.1%","21.9%","33%",-1003,-810,-25.5,6.6,"27.4%",509,"24.3%","25.7%",246,"24.8%",0,0.41,0.17,0.21
,"unknown team","ADC",19,"37%",,90,79,80,2.2,"60.1%","31.8%","21.9%","16%",-170,-150,-1.9,8.6,"31.3%",533,"23.8%","24.3%",291,"26.1%",0,0.34,0.11,0.22
,"unknown team","Jungle",21,"33%",,55,95,159,2.3,"65.2%","16.8%","21.0%","33%",-119,60,3.8,5.2,"15.1%",379,"15.2%","14.9%",200,"18.2%",0,0.16,0.14,0.25
,"Bifrost","Jungle",3,"100%",,13,8,40,6.6,"64.6%","15.9%","25.8%","33%",254,-94,-1.7,5,"14.9%",440,"14.8%","12.3%",252,"17.5%",0,0.27,0.25,0.23
,"AaB Esport","Jungle",4,"0%",,3,20,17,1,"54.1%","8.1%","22.5%","0%",-962,-867,-16,5.5,"17.5%",226,"12.8%","12.2%",176,"18.2%",0,0.18,0.18,0.27
,"Lundqvist Lightside","Jungle",6,"50%",,23,23,37,2.6,"65.2%","25.0%","29.9%","33%",-470,-497,-6.3,5,"13.0%",369,"14.9%","14.3%",218,"18.3%",0,0.04,0.04,0.24
,"XAL Esports","Jungle",3,"67%",,11,6,35,7.7,"74.2%","17.7%","13.3%","33%",129,-16,-1.7,5.5,"17.3%",368,"15.9%","17.2%",241,"18.8%",0,0.16,0.16,0.31
,"unknown team","Middle",41,"29%",,149,156,222,2.4,"58.3%","23.4%","18.1%","12%",-195,-137,-4,7.4,"24.4%",545,"23.4%","24.8%",244,"22.5%",0,0.33,0.06,0.13
,"Lucent Esports","Support",6,"0%",,2,30,50,1.7,"76.5%","2.9%","20.5%","33%",-695,-58,8,1.1,"4.4%",188,"8.9%","9.4%",95,"10.3%",0,0.98,0.37,0.18
,"unknown team","Support",33,"30%",,30,136,303,2.4,"68.5%","6.2%","20.9%","24%",38,36,-4.4,0.9,"3.0%",230,"10.5%","9.4%",105,"9.7%",0,1.09,0.22,0.26
,"unknown team","Top",21,"19%",,51,88,109,1.8,"45.8%","14.6%","17.7%","5%",-476,-126,-7.1,6.7,"22.9%",503,"20.2%","19.4%",217,"20.1%",0,0.34,0.09,0.09
"2Axes","Domino Esport","ADC",6,"67%",,49,25,34,3.3,"62.9%","37.1%","21.9%","17%",-186,-90,-1.8,8.5,"31.3%",768,"25.4%","27.6%",349,"26.3%",0,0.29,0.06,0.2
"Abagnale","NYYRIKKI","Support",6,"83%",,4,14,72,5.4,"70.4%","3.7%","24.1%","0%",-122,-415,8.2,1,"2.1%",115,"5.5%","5.4%",108,"8.9%",0,1.31,0.32,0.2
"addusto","XAL Esports","Top",5,"40%",,22,17,28,2.9,"49.5%","21.8%","17.0%","0%",52,314,-0.4,8.2,"28.6%",659,"29.5%","29.6%",290,"24.6%",0,0.31,0.11,0.11
"Antwere","UniQ Esports Club","Jungle",6,"17%",,7,28,36,1.5,"58.1%","9.5%","20.9%","17%",-833,-604,-7.7,4.7,"12.1%",297,"14.8%","15.4%",162,"15.7%",0,0.16,0.18,0.26
"Apollonia","Vanir","Middle",4,"0%",,0,16,4,0.3,"16.0%","0.0%","17.4%","0%",-627,-368,-9.5,6.8,"23.7%",383,"23.8%","23.1%",145,"18.4%",0,0.32,0.14,0.03
"Backlund","Dusty","Middle",6,"100%",,26,16,39,4.1,"42.2%","16.9%","20.5%","0%",556,387,14.8,9,"26.1%",592,"20.1%","17.6%",331,"21.4%",0,0.36,0.11,0.27
"Bobas","unknown team","Jungle",6,"33%",,14,13,25,3,"56.5%","20.3%","13.5%","50%",143,-114,-1.3,6.8,"24.4%",346,"16.7%","16.7%",232,"21.6%",0,0.43,0.16,0.52
"Carlsen","Astralis Talent","Top",6,"83%",,31,7,52,11.9,"54.6%","20.4%","10.1%","33%",347,264,4.3,7.9,"27.7%",517,"20.2%","18.6%",298,"22.3%",0,0.3,0.11,0.13
"Cast","Blade Edge","Jungle",4,"50%",,14,17,39,3.1,"62.4%","16.5%","20.2%","75%",31,-129,-9,6.1,"21.0%",537,"18.2%","18.0%",234,"18.9%",1,0.31,0.11,0.29
"Cast","unknown team","Jungle",2,"0%",,12,8,16,3.5,"51.9%","22.2%","22.2%","0%",-1640,-656,-15,4.5,"14.5%",358,"11.9%","12.1%",189,"16.8%",0,0.39,0.14,0.44
"Certified Random","KAOS e-sport","ADC",3,"67%",,18,9,17,3.9,"70.0%","36.0%","20.0%","0%",735,543,18,8.7,"29.1%",814,"30.2%","32.7%",335,"27.5%",0,0.36,0.09,0.16
"Champen","Viperio","Top",6,"33%",,24,26,22,1.8,"53.5%","27.9%","22.6%","33%",79,-43,7.2,9.2,"30.9%",534,"28.0%","26.3%",309,"28.1%",0,0.28,0.02,0.09
"Chemera","MNM Gaming","Middle",6,"33%",,23,27,46,2.6,"69.0%","23.0%","22.0%","17%",230,184,6,7.5,"25.3%",652,"27.4%","27.1%",251,"22.4%",0,0.4,0.13,0.06
"Chrisberg","Astralis Talent","ADC",6,"83%",,52,20,51,5.2,"67.8%","34.2%","29.0%","67%",-150,49,-2.8,8.7,"34.4%",773,"28.7%","32.0%",371,"27.2%",0,0.23,0.01,0.13
"Cl0x","Nativz","Support",5,"100%",,6,18,58,3.6,"56.6%","5.3%","43.9%","60%",-15,107,7,1.2,"3.2%",241,"8.5%","8.2%",148,"9.6%",0,0.87,0.2,0.29
"Crambit","Vanir","Jungle",3,"0%",,8,11,7,1.4,"78.9%","42.1%","16.7%","33%",-555,-53,5.3,5.8,"19.1%",340,"20.1%","19.2%",192,"23.9%",0,0.14,0.14,0.08
"Crambit","Vanir","Top",1,"0%",,5,8,1,0.8,"100.0%","83.3%","30.8%","0%",-284,-1196,-20,4.1,"9.5%",366,"21.8%","27.9%",177,"21.9%",0,0.13,0.13,0.3
"Cronan","Ruddy Esports","Middle",1,"100%",,8,6,5,2.2,"44.8%","27.6%","37.5%","0%",-1253,-189,2,7.4,"23.8%",708,"23.6%","27.1%",290,"19.8%",0,0.38,0.03,0.14
"Cronan","unknown team","Middle",5,"40%",,24,21,26,2.4,"53.2%","25.5%","20.8%","20%",85,-109,-8.6,6.2,"19.3%",529,"22.1%","19.8%",231,"19.5%",0,0.3,0.13,0.14
"Curl","RATE Gaming","Top",3,"67%",,15,4,11,6.5,"53.1%","30.6%","11.4%","33%",-373,-410,-12.7,7.1,"19.9%",475,"21.0%","19.5%",268,"21.9%",0,0.36,0.09,0.22
"D4rkzelda","Vanir","Top",1,"0%",,4,4,2,1.5,"85.7%","57.1%","19.0%","0%",-2225,-2113,-55,4,"20.9%",472,"29.9%","34.1%",188,"24.8%",0,0.25,0.05,0
"Dan","JD|XL","Jungle",7,"100%",,32,10,74,10.6,"60.6%","18.3%","12.8%","57%",206,-68,0.4,5.7,"15.9%",472,"15.5%","16.2%",272,"17.8%",0,0.42,0.22,0.35
"DBL","Lucent Esports","Top",6,"0%",,11,29,17,1,"41.2%","16.2%","19.9%","17%",-454,-639,-16,6.9,"22.1%",612,"27.4%","26.2%",215,"20.4%",0,0.38,0.1,0.1
"DenVoksne","Dusty","ADC",6,"100%",,54,7,47,14.4,"65.6%","35.1%","9.0%","50%",692,593,23.5,9.9,"30.2%",941,"31.2%","36.0%",432,"28.1%",0,0.23,0.02,0.26
"Denzel","XAL Esports","Middle",5,"40%",,27,16,27,3.4,"53.5%","26.7%","16.0%","0%",174,-1,-5.4,6.9,"21.8%",512,"21.4%","20.2%",252,"21.6%",0,0.25,0.17,0.21
"Eden Fox","UniQ Esports Club","Middle",6,"17%",,15,33,18,1,"44.6%","20.3%","24.6%","17%",-52,-159,-4.2,7.4,"23.8%",475,"24.1%","24.8%",229,"22.1%",0,0.28,0.12,0.13
"Eleison","RATE Gaming","Top",3,"67%",,4,6,22,4.3,"54.2%","8.3%","18.2%","33%",-762,-412,-1.3,7.2,"23.6%",402,"20.7%","22.7%",226,"19.2%",0,0.44,0.19,0.17
"Elijah","unknown team","Top",6,"33%",,18,21,20,1.8,"55.1%","26.1%","21.9%","17%",287,197,-0.7,7.5,"25.7%",505,"26.5%","21.2%",256,"24.2%",0,0.35,0.11,0.2
"Energy","NYYRIKKI","Middle",6,"83%",,35,9,46,9,"75.0%","32.4%","15.5%","0%",314,-67,3.3,8,"25.0%",642,"31.2%","30.5%",284,"23.2%",0,0.34,0.18,0.17
"Ermin","Viperio","Support",6,"33%",,3,25,48,2,"59.3%","3.5%","21.7%","50%",98,-32,-5.3,0.7,"1.7%",161,"9.2%","9.2%",84,"7.7%",0,1.23,0.15,0.17
"Erolle","RATE Gaming","Middle",6,"67%",,24,12,36,5,"61.9%","24.7%","17.6%","17%",327,123,3.5,8.4,"25.8%",517,"24.5%","23.4%",286,"23.7%",0,0.33,0.08,0.11
"Eski","KAOS e-sport","Support",6,"67%",,11,11,67,7.1,"69.0%","9.7%","10.4%","0%",172,334,-13,1.1,"3.8%",301,"10.4%","9.1%",136,"11.0%",0,1.46,0.2,0.47
"espen5b","Vanir","Jungle",1,"0%",,0,5,3,0.6,"50.0%","0.0%","19.2%","0%",-547,1264,6,6.3,"29.4%",275,"16.3%","7.0%",153,"19.0%",0,0.47,0.17,0.08
"espen5b","Vanir","Top",2,"0%",,2,12,3,0.4,"41.7%","16.7%","26.7%","0%",-664,-256,-17,6,"21.3%",344,"20.8%","20.1%",142,"17.6%",0,0.39,0.19,0.12
"Facen","Riddle Esports","Middle",6,"100%",,33,10,55,8.8,"66.7%","25.0%","16.7%","33%",-48,201,-5.2,8.1,"23.3%",729,"28.0%","29.0%",301,"22.5%",1,0.45,0.12,0.21
"Faetski","NYYRIKKI","ADC",6,"83%",,28,17,44,4.2,"66.7%","25.9%","29.3%","0%",65,517,5.8,8.7,"30.8%",555,"25.9%","27.0%",337,"27.5%",0,0.35,0.1,0.29
"Faith","Bifrost","Jungle",3,"100%",,20,9,44,7.1,"78.0%","24.4%","22.5%","100%",391,-250,-12.7,6.4,"19.5%",639,"22.0%","22.1%",330,"22.5%",2,0.54,0.21,0.44
"Fall","AaB Esport","Jungle",2,"0%",,4,7,11,2.1,"68.2%","18.2%","15.6%","0%",-932,-741,-22,4.5,"13.9%",261,"12.5%","13.6%",165,"17.4%",0,0.19,0.16,0.42
"FGG","JD|XL","Support",7,"100%",,19,25,97,4.6,"66.3%","10.9%","32.1%","57%",654,153,-9.6,0.7,"1.9%",401,"13.1%","11.0%",164,"11.1%",0,0.91,0.24,0.21
"Fine4Ever","XAL Esports","Support",5,"40%",,4,28,66,2.5,"69.3%","4.0%","28.0%","40%",-86,-194,3.8,1.1,"2.7%",181,"7.6%","7.2%",115,"9.7%",0,1.2,0.36,0.22
"Flawed","Verdant","Jungle",6,"50%",,36,24,50,3.6,"74.1%","31.0%","15.9%","33%",591,333,4.5,6.3,"20.9%",620,"22.9%","23.6%",279,"23.2%",2,0.51,0.17,0.55
"Flawless","Lucent Esports","Jungle",6,"0%",,14,32,33,1.5,"69.1%","20.6%","21.9%","0%",-34,226,7,5.9,"22.2%",304,"14.4%","13.8%",207,"21.9%",1,0.39,0.3,0.19
"Floopz","unknown team","ADC",6,"17%",,31,25,30,2.4,"76.3%","38.8%","15.8%","33%",193,58,7,8.6,"33.6%",757,"32.9%","34.7%",305,"29.0%",0,0.26,0.01,0.15
"Fred","Guarp Gaming","Support",6,"33%",,6,27,60,2.4,"76.7%","7.0%","18.8%","33%",-248,-202,-3.7,0.6,"2.7%",270,"12.3%","11.3%",116,"11.2%",0,0.94,0.13,0.24
"Furuy","Bifrost","Middle",6,"100%",,44,11,52,8.7,"58.5%","26.8%","15.5%","33%",431,317,-0.8,7.5,"23.5%",774,"25.4%","28.6%",321,"22.3%",0,0.43,0.17,0.14
"Ginrais","AaB Esport","Middle",6,"0%",,17,18,18,1.9,"59.3%","28.8%","13.4%","0%",-246,-222,-2.8,8,"28.6%",552,"29.3%","29.9%",246,"25.7%",0,0.36,0.11,0.13
"Grisen","AaB Esport","Support",6,"0%",,6,36,26,0.9,"54.2%","10.2%","26.9%","17%",-127,-23,2,1.1,"3.0%",151,"7.9%","6.8%",87,"9.1%",0,1.38,0.3,0.32
"h0la","Munster Rugby Gaming","Top",6,"17%",,24,36,32,1.6,"50.9%","21.8%","23.5%","0%",-508,-273,-10.2,6.3,"23.4%",695,"24.6%","24.2%",229,"21.8%",0,0.3,0.06,0.14
"Harbo","Munster Rugby Gaming","Middle",6,"17%",,26,34,46,2.1,"65.5%","23.6%","22.2%","17%",112,34,4.5,6.9,"23.3%",721,"25.8%","25.3%",239,"23.0%",0,0.3,0.09,0.17
"Hasko","Blade Edge","Middle",4,"50%",,11,14,39,3.6,"58.8%","12.9%","16.7%","50%",-278,-410,-13.8,6.7,"24.9%",504,"16.5%","16.0%",233,"20.3%",0,0.27,0.06,0.06
"Holmberg","UniQ Esports Club","ADC",6,"17%",,29,21,21,2.4,"67.6%","39.2%","15.7%","0%",-746,-33,-14.8,8.3,"31.3%",565,"27.5%","30.0%",291,"28.1%",0,0.37,0.06,0.2
"Hummelu","Munster Rugby Gaming","Jungle",6,"17%",,23,28,63,3.1,"78.2%","20.9%","18.3%","17%",-665,-181,-10.5,4.2,"14.1%",458,"16.0%","16.0%",194,"18.7%",1,0.23,0.21,0.22
"IcyGale","X7 Esports","Top",6,"83%",,47,25,45,3.7,"52.9%","27.0%","24.0%","33%",462,-269,5.2,8.2,"27.5%",745,"24.6%","24.1%",340,"23.8%",0,0.28,0.03,0.15
"Imperial","unknown team","ADC",2,"50%",,10,10,12,2.2,"59.5%","27.0%","25.0%","50%",60,-115,7,8.6,"31.2%",629,"25.1%","24.2%",301,"26.1%",0,0.33,0.08,0.26
"Imperial","Hydras Esport","ADC",4,"50%",,11,13,24,2.7,"60.3%","19.0%","17.1%","0%",-660,-20,-2.8,8.6,"31.7%",455,"21.6%","23.0%",268,"24.8%",0,0.32,0.13,0.15
"Jamsu","RATE Gaming","Support",6,"67%",,1,21,61,3,"63.9%","1.0%","30.9%","0%",-77,-139,0.5,1,"2.8%",166,"8.0%","7.3%",108,"9.0%",0,1.37,0.26,0.22
"JaxPlank","Riddle Esports","Top",6,"100%",,31,18,33,3.6,"48.5%","23.5%","30.0%","33%",623,324,18.2,8.9,"26.8%",563,"21.6%","20.1%",314,"22.9%",0,0.44,0.16,0.14
"Jay","Vanir","Support",4,"0%",,0,17,18,1.1,"72.0%","0.0%","18.5%","25%",-163,71,-0.8,1.1,"5.3%",221,"12.4%","11.7%",69,"8.7%",0,0.9,0.23,0.16
"Jopa","Nativz","ADC",5,"100%",,37,4,32,17.3,"61.1%","32.7%","9.8%","40%",336,83,0.6,9.8,"33.4%",823,"29.6%","32.2%",410,"26.6%",1,0.28,0.02,0.27
"Julbu","RATE Gaming","Jungle",6,"67%",,22,12,51,6.1,"75.3%","22.7%","17.6%","33%",298,378,11.8,6.9,"20.6%",447,"20.9%","19.9%",264,"21.3%",1,0.37,0.2,0.4
"Kanske","UniQ Esports Club","Support",6,"17%",,6,34,35,1.2,"55.4%","8.1%","25.4%","17%",-74,-68,-0.5,1,"2.0%",184,"8.9%","7.3%",86,"8.1%",0,1.23,0.36,0.23
"Karakal Jr","MNM Gaming","Support",6,"33%",,7,25,62,2.8,"69.0%","7.0%","20.3%","50%",14,-180,7.2,1,"2.6%",166,"7.0%","6.1%",107,"9.6%",0,1.41,0.37,0.25
"Kaylem","MNM Gaming","Top",6,"33%",,16,19,49,3.4,"65.0%","16.0%","15.4%","0%",262,149,-3,6.5,"23.5%",586,"26.1%","23.3%",232,"21.0%",0,0.35,0.12,0.11
"Kehvo","Riddle Esports","ADC",6,"100%",,33,11,49,7.5,"62.1%","25.0%","18.3%","33%",241,208,1.3,8.3,"23.6%",558,"21.6%","21.0%",301,"22.5%",0,0.34,0.07,0.18
"Kenal","Bifrost","ADC",6,"100%",,38,15,62,6.7,"61.0%","23.2%","21.1%","83%",396,253,12.3,8.9,"31.1%",726,"23.1%","23.9%",363,"24.8%",0,0.35,0.09,0.2
"Kerberos","Dusty","Top",6,"100%",,31,19,23,2.8,"35.1%","20.1%","24.4%","17%",-144,-126,5.5,7.5,"22.8%",594,"19.6%","17.9%",298,"19.4%",0,0.35,0.09,0.12
"Kernel","Hydras Esport","Middle",4,"50%",,25,14,19,3.1,"75.9%","43.1%","18.4%","25%",121,341,7.8,7.2,"24.4%",639,"30.0%","32.2%",265,"24.3%",0,0.34,0.01,0.11
"Kibah","Astralis Talent","Support",6,"83%",,10,21,79,4.2,"58.6%","6.6%","30.4%","50%",24,65,5.3,1.1,"3.1%",212,"8.4%","6.9%",135,"9.9%",0,1.16,0.32,0.24
"Klaj","Ruddy Esports","Support",1,"100%",,1,6,10,1.8,"37.9%","3.4%","37.5%","0%",-264,-147,5,1,"3.0%",166,"5.6%","4.2%",121,"8.2%",0,1.11,0.31,0.28
"Klaj","unknown team","Support",2,"50%",,0,5,27,5.4,"71.1%","0.0%","21.7%","50%",212,219,5,1.1,"2.3%",133,"5.8%","4.4%",103,"8.4%",0,1.54,0.51,0.31
"KOOLBERG","KAOS e-sport","Top",6,"67%",,17,25,38,2.2,"48.7%","15.0%","23.6%","17%",-681,-317,-4.5,7.2,"24.3%",581,"20.3%","20.8%",246,"20.5%",0,0.36,0.18,0.19
"Kourosh","Lucent Esports","Middle",6,"0%",,11,23,15,1.1,"38.2%","16.2%","15.8%","17%",-758,-757,-15,7.3,"23.8%",523,"24.9%","24.8%",213,"22.6%",0,0.3,0.11,0.1
"Kridz","Guarp Gaming","Middle",6,"33%",,19,26,23,1.6,"48.8%","22.1%","18.1%","0%",-405,-229,3.2,7.3,"24.4%",454,"19.8%","20.7%",231,"22.3%",1,0.23,0.08,0.11
"Kryze","JD|XL","Top",7,"100%",,36,14,43,5.6,"45.1%","20.6%","17.9%","14%",797,622,23.1,9,"26.6%",771,"26.0%","25.1%",354,"23.5%",0,0.37,0.07,0.1
"KT","X7 Esports","ADC",6,"83%",,45,21,70,5.5,"66.1%","25.9%","20.2%","17%",347,279,7.5,9.2,"30.8%",733,"24.5%","25.9%",349,"25.3%",0,0.38,0.12,0.34
"Laatch","unknown team","ADC",5,"40%",,30,25,23,2.1,"56.4%","31.9%","24.8%","40%",706,764,16.8,9,"34.4%",683,"29.3%","34.4%",327,"28.1%",0,0.35,0.14,0.24
"Laatch","Ruddy Esports","ADC",1,"100%",,6,3,6,4,"41.4%","20.7%","18.8%","0%",-44,667,8,8.6,"25.3%",894,"29.9%","31.3%",343,"23.4%",0,0.35,0.1,0.31
"Lagsw0w","Hydras Esport","Top",2,"100%",,3,4,12,3.8,"39.5%","7.9%","16.7%","0%",-468,17,-5,7.1,"22.4%",399,"19.3%","20.4%",232,"19.6%",0,0.43,0.13,0.04
"legoman","Guarp Gaming","Jungle",6,"33%",,17,31,36,1.7,"61.6%","19.8%","21.5%","17%",-365,-205,1,5.7,"22.3%",403,"17.7%","17.8%",209,"21.1%",0,0.18,0.16,0.36
"Leks","AaB Esport","Top",6,"0%",,17,31,16,1.1,"55.9%","28.8%","23.1%","0%",-343,-110,-10.5,6.5,"22.8%",459,"24.8%","22.7%",211,"22.3%",0,0.38,0.12,0.05
"Limitless","XAL Esports","ADC",5,"40%",,35,20,32,3.4,"66.3%","34.7%","20.0%","40%",-63,-83,-5.4,8,"30.5%",609,"25.0%","25.6%",310,"26.1%",0,0.29,0.04,0.18
"Lulas","NYYRIKKI","Jungle",6,"83%",,9,7,64,10.4,"67.6%","8.3%","12.1%","33%",-59,126,1.5,4.3,"12.3%",289,"13.8%","14.4%",189,"15.5%",0,0.24,0.22,0.13
"Lunddorf","Nativz","Top",5,"100%",,12,11,43,5,"48.7%","10.6%","26.8%","60%",612,550,14.6,7.8,"18.0%",529,"19.7%","15.2%",295,"19.6%",0,0.29,0.12,0.11
"Lyncas","Dusty","Jungle",6,"100%",,38,14,51,6.4,"57.8%","24.7%","17.9%","67%",768,575,14.2,6.6,"18.7%",643,"22.2%","22.9%",328,"21.4%",0,0.31,0.19,0.08
"Merza","Team Singularity","Middle",6,"50%",,23,12,32,4.6,"50.9%","21.3%","12.6%","17%",-119,76,2.3,7.8,"26.2%",511,"22.8%","23.3%",258,"23.1%",0,0.32,0.12,0.16
"Mishigu","MNM Gaming","ADC",6,"33%",,28,26,33,2.3,"61.0%","28.0%","21.1%","50%",-246,-155,-7,7.9,"29.3%",485,"20.5%","22.8%",276,"24.8%",0,0.34,0.15,0.29
"MKL","Viperio","ADC",6,"33%",,20,21,27,2.2,"54.7%","23.3%","18.3%","50%",407,-40,2.2,8.3,"26.9%",392,"20.5%","21.3%",252,"23.1%",0,0.37,0.09,0.25
"Moosey","Munster Rugby Gaming","Support",6,"17%",,12,29,61,2.5,"66.4%","10.9%","19.0%","0%",5,144,-2.5,0.9,"3.2%",365,"13.3%","12.5%",113,"10.6%",0,1.46,0.24,0.19
"Moxokx","Lundqvist Lightside","ADC",6,"50%",,30,10,32,6.2,"67.4%","32.6%","13.0%","17%",98,-82,-1.2,9.5,"36.2%",702,"28.7%","30.6%",339,"29.0%",0,0.41,0.12,0.15
"Mrozku","JD|XL","Middle",7,"100%",,43,9,40,9.2,"47.4%","24.6%","11.5%","14%",622,509,12.3,9.2,"27.8%",599,"19.9%","22.3%",348,"22.9%",1,0.29,0.06,0.16
"Mutra","Viperio","Jungle",1,"0%",,2,2,2,2,"44.4%","22.2%","10.5%","0%",142,-137,20,7.9,"23.9%",302,"17.5%","21.7%",202,"19.9%",0,0.27,0.06,0.03
"Nash","Riddle Esports","Support",6,"100%",,7,10,81,8.8,"66.7%","5.3%","16.7%","33%",58,91,1.5,1.1,"2.7%",183,"7.1%","6.4%",123,"9.2%",0,1.68,0.28,0.38
"nBeezy","Lundqvist Lightside","Top",6,"50%",,19,15,30,3.3,"53.3%","20.7%","19.5%","17%",1,225,-1.3,7.4,"23.6%",512,"21.2%","21.1%",251,"21.5%",0,0.31,0.04,0.06
"Nijhuis","UniQ Esports Club","Top",6,"17%",,17,18,29,2.6,"62.2%","23.0%","13.4%","17%",-110,-273,-3.8,8.6,"30.8%",489,"24.7%","22.4%",267,"26.0%",0,0.4,0.1,0.09
"OmulFinn","Domino Esport","Jungle",6,"67%",,19,24,62,3.4,"61.4%","14.4%","21.1%","33%",-194,-635,-12.7,5.4,"18.1%",412,"14.3%","14.4%",244,"18.6%",0,0.2,0.16,0.33
"Oqi","AaB Esport","ADC",6,"0%",,12,22,17,1.3,"49.2%","20.3%","16.4%","17%",-477,-509,-9.8,7.9,"29.3%",482,"25.3%","27.9%",238,"25.0%",0,0.31,0.09,0.18
"Panda","Hydras Esport","Jungle",4,"50%",,12,12,23,2.9,"60.3%","20.7%","15.8%","0%",-128,-141,-7.3,5.2,"17.3%",320,"15.4%","15.1%",209,"20.4%",1,0.25,0.21,0.32
"pawp","unknown team","Jungle",6,"17%",,18,38,65,2.2,"73.5%","15.9%","22.4%","50%",-409,-423,-16.2,3.9,"13.9%",426,"16.3%","16.2%",178,"17.2%",0,0.19,0.02,0.31
"Pehrson","Team Singularity","Support",6,"50%",,10,21,71,3.9,"75.0%","9.3%","22.1%","33%",-93,219,2.7,1,"2.8%",175,"7.7%","6.5%",123,"11.0%",0,1.18,0.34,0.33
"Pepi","Lundqvist Lightside","Middle",6,"50%",,14,15,50,4.3,"69.6%","15.2%","19.5%","17%",-520,-125,-5.3,7.7,"24.8%",602,"24.9%","26.5%",249,"21.3%",0,0.44,0.13,0.14
"Petoska","Verdant","Top",6,"50%",,32,29,24,1.9,"48.3%","27.6%","19.2%","0%",486,482,10.7,7.7,"26.9%",652,"23.7%","22.9%",290,"24.9%",1,0.25,0.02,0.07
"Poopy","Blade Edge","Support",4,"50%",,3,14,56,4.2,"69.4%","3.5%","16.7%","25%",-41,-214,0,1,"2.8%",251,"8.8%","9.8%",113,"10.3%",1,1.14,0.22,0.14
"ptatis","unknown team","Support",3,"33%",,6,16,25,1.9,"55.4%","10.7%","20.5%","33%",122,-11,-2.7,0.6,"2.1%",312,"12.9%","12.3%",122,"10.5%",0,0.91,0.19,0.3
"Quicksie","Guarp Gaming","ADC",6,"33%",,28,31,29,1.8,"66.3%","32.6%","21.5%","33%",-627,-230,-13,7.2,"29.0%",600,"25.8%","26.3%",259,"24.3%",0,0.33,0.1,0.12
"Quicktimer","Bifrost","Support",6,"100%",,9,21,93,4.9,"62.2%","5.5%","29.6%","83%",155,16,5,1.1,"2.7%",282,"9.1%","7.7%",159,"10.9%",0,1.28,0.24,0.31
"Raion","Viperio","Jungle",5,"40%",,8,20,49,2.9,"74.0%","10.4%","20.8%","60%",-278,-162,-6.2,4.9,"13.8%",351,"17.6%","18.1%",182,"16.3%",0,0.35,0.1,0.33
"Rifty","unknown team","Top",5,"40%",,12,14,22,2.4,"36.2%","12.8%","13.9%","0%",407,334,1.8,7.6,"25.2%",484,"20.4%","18.9%",250,"21.3%",0,0.26,0.07,0.15
"Rifty","Ruddy Esports","Top",1,"100%",,6,1,13,19,"65.5%","20.7%","6.3%","0%",912,2,4,7.8,"23.2%",734,"24.5%","25.2%",351,"23.9%",0,0.24,0.07,0.03
"Riron","Munster Rugby Gaming","ADC",6,"17%",,25,26,35,2.3,"54.5%","22.7%","17.0%","0%",-351,-771,-14.7,8.2,"36.1%",588,"20.3%","22.0%",275,"25.8%",0,0.37,0.15,0.22
"Riziki","Vanir","ADC",4,"0%",,6,19,11,0.9,"68.0%","24.0%","20.7%","25%",-214,-465,-1.5,7.8,"31.0%",359,"21.3%","23.5%",235,"29.8%",0,0.33,0.19,0.15
"Romuka","NYYRIKKI","Top",6,"83%",,32,11,27,5.4,"54.6%","29.6%","19.0%","33%",341,-21,8.5,8.4,"29.7%",504,"23.6%","22.7%",308,"25.0%",0,0.35,0.14,0.05
"Röyhkeä","unknown team","ADC",6,"33%",,19,20,13,1.6,"46.4%","27.5%","20.8%","33%",172,48,5,8.4,"27.4%",531,"26.2%","29.0%",268,"25.2%",0,0.35,0.12,0.15
"RustySniper","unknown team","ADC",2,"0%",,16,8,18,4.3,"63.0%","29.6%","22.2%","0%",777,241,11,9.6,"37.9%",834,"27.8%","32.0%",367,"32.6%",0,0.28,0.08,0.28
"RustySniper","Blade Edge","ADC",4,"50%",,42,19,20,3.3,"72.9%","49.4%","22.6%","25%",497,-491,-1.3,8.2,"30.0%",959,"34.2%","37.1%",373,"31.1%",0,0.28,0.07,0.32
"Rylle","Nativz","Middle",5,"100%",,33,2,27,30,"53.1%","29.2%","4.9%","40%",381,400,8,8.3,"25.8%",668,"24.9%","25.2%",351,"23.2%",0,0.35,0.07,0.17
"Selfway","Hydras Esport","Support",3,"33%",,3,17,16,1.1,"57.6%","9.1%","27.9%","0%",-297,-149,0.7,0.8,"1.9%",205,"10.5%","7.5%",94,"9.7%",0,1.45,0.4,0.15
"Selfway","unknown team","Support",2,"50%",,6,7,19,3.6,"67.6%","16.2%","17.5%","50%",427,448,-0.5,0.9,"1.8%",228,"9.1%","8.2%",116,"10.1%",0,2.22,0.52,0.16
"Sencux","Astralis Talent","Middle",6,"83%",,38,12,65,8.6,"67.8%","25.0%","17.4%","17%",1036,503,25.5,7.7,"22.1%",678,"26.5%","26.8%",307,"22.6%",0,0.4,0.17,0.11
"Septico","unknown team","Top",6,"50%",,32,26,23,2.1,"56.7%","33.0%","22.2%","0%",257,-24,6.7,7.9,"26.1%",670,"27.9%","26.4%",302,"26.1%",0,0.3,0.03,0.13
"Shafty","unknown team","Jungle",5,"40%",,22,20,41,3.2,"67.0%","23.4%","19.8%","20%",561,591,18,6.1,"19.0%",409,"18.2%","17.8%",248,"21.4%",1,0.33,0.14,0.31
"Shafty","Ruddy Esports","Jungle",1,"100%",,8,0,9,17,"58.6%","27.6%","0.0%","0%",1443,398,10,8.5,"24.7%",492,"16.4%","12.2%",363,"24.7%",0,0.48,0.17,0.28
"Sharp","KAOS e-sport","Jungle",6,"67%",,17,23,49,2.9,"58.4%","15.0%","21.7%","33%",-3,180,5.3,4.6,"14.4%",371,"12.8%","12.4%",195,"16.2%",1,0.28,0.25,0.28
"Shieda","Hydras Esport","Support",1,"100%",,2,6,13,2.5,"60.0%","8.0%","40.0%","0%",53,-200,-1,1.8,"6.9%",311,"12.3%","11.8%",128,"10.9%",0,1.49,0.25,0.57
"Shieda","unknown team","Top",1,"100%",,3,5,5,1.6,"28.6%","10.7%","26.3%","100%",-968,-1179,-24,5.9,"26.3%",398,"13.8%","14.8%",229,"17.3%",0,0.39,0.07,0.07
"Shieda","Hydras Esport","Top",2,"0%",,2,10,5,0.7,"35.0%","10.0%","19.2%","0%",-113,-188,-0.5,7.1,"24.2%",506,"24.7%","21.8%",187,"21.5%",0,0.36,0.06,0.1
"Shikari","Bifrost","Top",6,"100%",,40,7,36,10.9,"46.3%","24.4%","9.9%","17%",346,207,13.3,8.2,"25.4%",731,"23.9%","22.6%",323,"22.1%",0,0.44,0.18,0.12
"Sips","Team Singularity","Top",6,"50%",,26,26,29,2.1,"50.9%","24.1%","27.4%","0%",-375,93,-2.5,8,"30.4%",582,"26.7%","25.7%",271,"24.2%",0,0.4,0.12,0.11
"Slice","unknown team","Jungle",6,"33%",,19,25,40,2.4,"81.9%","26.4%","23.4%","67%",609,333,3,6.7,"21.5%",421,"25.0%","25.1%",248,"22.3%",0,0.3,0.24,0.36
"SlowQ","X7 Esports","Middle",6,"83%",,45,20,63,5.4,"62.1%","25.9%","19.2%","0%",110,269,0,8.1,"25.3%",756,"26.0%","26.9%",324,"24.0%",0,0.35,0.1,0.14
"Sn1lle","Nativz","Jungle",5,"100%",,25,6,33,9.7,"51.3%","22.1%","14.6%","80%",701,369,1.8,6.4,"19.7%",484,"17.3%","19.2%",314,"20.9%",0,0.22,0.17,0.1
"Snabipojk","Domino Esport","Support",6,"67%",,5,28,74,2.8,"59.8%","3.8%","24.6%","17%",15,42,1,1.2,"4.6%",412,"13.8%","13.5%",133,"10.3%",0,1.17,0.26,0.38
"Sof","MNM Gaming","Jungle",6,"33%",,26,26,55,3.1,"81.0%","26.0%","21.1%","50%",602,417,11.7,5.5,"19.3%",444,"19.1%","20.7%",248,"22.2%",0,0.33,0.23,0.26
"Softorious","Team Singularity","Jungle",6,"50%",,9,21,62,3.4,"65.7%","8.3%","22.1%","33%",-342,-301,-2.7,4.8,"14.3%",275,"11.8%","12.0%",178,"15.6%",0,0.26,0.11,0.28
"Spark","unknown team","ADC",6,"17%",,40,40,38,2,"69.0%","35.4%","23.5%","17%",-552,-377,-16.5,6.9,"29.0%",882,"32.1%","33.7%",290,"26.2%",0,0.4,0.03,0.25
"Spooder","Domino Esport","Top",6,"67%",,39,14,37,5.4,"57.6%","29.5%","12.3%","17%",225,35,5.2,7.6,"23.1%",694,"23.1%","19.9%",310,"24.1%",0,0.37,0.15,0.24
"Stefan","Riddle Esports","Jungle",6,"100%",,28,11,62,8.2,"68.2%","21.2%","18.3%","33%",511,561,7.5,7.4,"23.5%",578,"21.8%","23.4%",309,"22.9%",1,0.59,0.16,0.44
"Stend","Dusty","Support",6,"100%",,5,22,92,4.4,"63.0%","3.2%","28.2%","50%",178,196,0.8,1.2,"2.3%",204,"6.9%","5.6%",150,"9.7%",0,1,0.27,0.34
"sumi","Verdant","Middle",6,"50%",,24,28,49,2.6,"62.9%","20.7%","18.5%","0%",-393,77,-0.2,7.5,"26.1%",730,"25.9%","25.8%",255,"21.6%",0,0.28,0.07,0.11
"Surgeon","XAL Esports","Jungle",2,"0%",,2,13,20,1.7,"56.4%","5.1%","23.6%","0%",-36,64,0,4.9,"14.8%",387,"17.4%","17.7%",172,"16.7%",0,0.19,0.18,0.24
"Syn","RATE Gaming","ADC",6,"67%",,31,13,38,5.3,"71.1%","32.0%","19.1%","0%",64,253,3.5,8.9,"29.1%",546,"25.8%","28.3%",309,"25.4%",0,0.27,0.08,0.27
"Tabby","X7 Esports","Support",6,"83%",,14,16,123,8.6,"78.7%","8.0%","15.4%","33%",182,100,-3,1,"3.0%",292,"9.3%","8.1%",153,"10.6%",0,1.43,0.23,0.4
"Tatuy","unknown team","Top",1,"0%",,4,6,6,1.7,"47.6%","19.0%","25.0%","100%",2970,1166,31,6.6,"20.3%",491,"19.4%","16.6%",253,"22.2%",0,0.42,0.11,0.11
"Taxer","Astralis Talent","Jungle",6,"83%",,21,9,88,12.1,"71.7%","13.8%","13.0%","50%",692,363,-1.3,4.5,"12.7%",414,"16.1%","15.7%",246,"18.0%",0,0.28,0.31,0.17
"TheHeathen","unknown team","Support",6,"17%",,7,35,79,2.5,"76.1%","6.2%","20.6%","17%",-368,-254,8.8,1.9,"6.6%",281,"11.0%","10.5%",132,"11.9%",0,0.92,0.27,0.14
"Tide","Verdant","ADC",6,"50%",,14,28,59,2.6,"62.9%","12.1%","18.5%","33%",-537,-313,-11.5,7.1,"22.9%",545,"20.6%","21.1%",240,"20.5%",0,0.33,0.07,0.09
"Touch","Verdant","Support",6,"50%",,10,42,66,1.8,"65.5%","8.6%","27.8%","33%",-27,11,0.7,1.2,"3.2%",189,"6.9%","6.6%",115,"10.0%",0,1.79,0.43,0.42
"Venzer","JD|XL","ADC",7,"100%",,45,20,69,5.7,"65.1%","25.7%","25.6%","57%",1265,798,25.3,8.8,"27.8%",766,"25.4%","25.5%",371,"24.6%",0,0.33,0.09,0.26
"Victa","Blade Edge","Top",4,"50%",,15,20,34,2.5,"57.6%","17.6%","23.8%","75%",45,276,-6,6.5,"21.3%",606,"22.2%","19.1%",226,"19.4%",0,0.38,0.04,0.07
"Viggomopsen","Guarp Gaming","Top",6,"33%",,16,29,32,1.7,"55.8%","18.6%","20.1%","17%",-329,-214,-5.3,6.9,"21.6%",541,"24.3%","23.9%",231,"21.2%",0,0.34,0.03,0.15
"Viking","X7 Esports","Jungle",6,"83%",,23,22,96,5.4,"68.4%","13.2%","21.2%","50%",-190,-174,-0.8,4.9,"13.4%",467,"15.6%","15.0%",224,"16.3%",1,0.21,0.14,0.21
"Wayzen","Viperio","Middle",6,"33%",,29,21,22,2.4,"59.3%","33.7%","18.3%","17%",134,40,1,8.1,"25.1%",452,"24.7%","24.5%",260,"24.2%",0,0.39,0.19,0.09
"x4NTY","unknown team","Top",6,"33%",,12,20,30,2.1,"58.3%","16.7%","18.7%","50%",-46,-29,-13.2,7,"23.0%",380,"21.7%","20.7%",227,"20.7%",0,0.35,0.1,0.11
"Xero","Domino Esport","Middle",6,"67%",,20,23,50,3,"53.0%","15.2%","20.2%","17%",-17,-185,-2.5,7.2,"22.8%",707,"23.4%","24.5%",271,"20.7%",0,0.33,0.11,0.09
"Zhandia","KAOS e-sport","Middle",6,"67%",,29,27,39,2.5,"60.2%","25.7%","25.5%","17%",117,-42,0.2,8.5,"28.1%",771,"26.9%","26.1%",305,"25.1%",0,0.26,0.04,0.14
"Zpikee","Team Singularity","ADC",6,"50%",,40,15,39,5.3,"73.1%","37.0%","15.8%","17%",-27,304,-2.7,7.3,"26.3%",670,"31.0%","32.4%",290,"26.1%",0,0.31,0.09,0.15
"Zvene","Lundqvist Lightside","Support",6,"50%",,6,14,68,5.3,"80.4%","6.5%","18.2%","33%",83,-141,2,0.7,"2.4%",239,"10.3%","7.5%",115,"9.8%",0,0.96,0.24,0.17